name,genre,unitssold
Beowulf,fiction,7000
Batman: Year One,fiction,6250
Go Set a Watchman,fiction,5500
When You Are Engulfed in Flames,fiction,5500
Daughter of Smoke & Bone,fiction,4750
Red Queen,fiction,4000
The Power of Habit,fiction,3933
Midnight in the Garden of Good and Evil,nonfiction,3800
Hopeless,fiction,3733
A Little Princess,fiction,3666
The Truth About Forever,fiction,3600
The horse and his boy,fiction,3600
Last Sacrifice ,fiction,3466
Little House on the Prairie,fiction,3466
The Velveteen Rabbit,fiction,3333
Zen and the Art of Motorcycle Maintenance,fiction,3266
The War of the Worlds,fiction,3200
Pretty Little Liars,fiction,3200
Corduroy,fiction,3133
The Omnivore's Dilemma,fiction,3066
Life After Life,fiction,2933
The Rescue,fiction,2866
Needful Things,fiction,2800
Voyager,fiction,2733
,fiction,2666
Cujo,fiction,2600
The Virgin Suicides,fiction,2466
Dead to the World,fiction,2400
Tess of the d'Urbervilles: A Pure Woman Faithfully Presented,nonfiction,2400
Madame Bovary,fiction,2333
The Phantom Tollbooth,fiction,2266
The Way of Kings,fiction,2200
Club Dead,fiction,2200
It's Kind of a Funny Story,nonfiction,2066
,fiction,2000
After You,fiction,1984
The Language of Flowers,fiction,1984
Batman: The Dark Knight Returns,fiction,1969
The Angel Experiment,fiction,1969
High Fidelity,fiction,1907
The Guardian,fiction,1892
Oryx and Crake,fiction,1876
"Men Are from Mars, Women Are from Venus Book of Days: 365 Inspirations to Enrich Your Relationships",fiction,1861
Kitchen Confidential: Adventures in the Culinary Underbelly,fiction,1846
Timeline,fiction,1830
Candide,fiction,1800
Tuck Everlasting,nonfiction,1800
Christine,nonfiction,1784
Are You My Mother?,fiction,1769
The Story of Art,fiction,1753
Scarlet,fiction,1738
"Rich Dad , Poor Dad",fiction,1723
Silence ,fiction,1707
The Magicians,fiction,1692
ãƒ‡ã‚¹ãƒŽãƒ¼ãƒˆ #1 (Desu NÅto) Taikutsu (é€€å±ˆ),fiction,1676
A Great and Terrible Beauty,fiction,1661
Everything Is Illuminated,fiction,1646
The Bourne Supremacy,fiction,1630
Easy,fiction,1630
David Copperfield,fiction,1615
The Absolutely True Diary of a Part-Time Indian,fiction,1600
ÐœÐ°ÑÑ‚ÐµÑ€ Ð¸ ÐœÐ°Ñ€Ð³Ð°Ñ€Ð¸Ñ‚Ð°,fiction,1584
A Wizard of Earthsea,fiction,1569
Because of Winn-Dixie,fiction,1538
A Separate Peace,fiction,1523
The Rainmaker,fiction,1507
Don Quijote de La Mancha,fiction,1492
Assassin's Apprentice,fiction,1461
The Restaurant at the End of the Universe,fiction,1446
Torment,fiction,1430
The Tale of Peter Rabbit,fiction,1415
The Silver Chair,fiction,1384
The Hero of Ages,nonfiction,1384
"Girl, Interrupted",fiction,1369
"Are You There, Vodka? It's Me, Chelsea",fiction,1369
Jonathan Livingston Seagull,fiction,1353
City of Heavenly Fire,fiction,1338
Love You Forever,fiction,1323
Cell,fiction,1307
The Boys in the Boat: Nine Americans and Their Epic Quest for Gold at the 1936 Berlin Olympics,fiction,1307
The Silmarillion,fiction,1292
The Drawing of the Three,nonfiction,1276
The Forgotten Garden,fiction,1230
Der ProzeÃŸ,fiction,1215
This Lullaby,fiction,1215
Plain Truth,fiction,1200
Orange Is the New Black: My Year in a Women's Prison,fiction,1200
The Hound of the Baskervilles,fiction,1184
"Thinking, Fast and Slow",fiction,1169
The Mists of Avalon,fiction,1169
"Are You There God? It's Me, Margaret",fiction,1123
Nights in Rodanthe,fiction,1123
Mr. Mercedes,fiction,1107
All Together Dead,fiction,1076
Midwives,fiction,1061
The Polar Express,nonfiction,1046
The True Story of the Three Little Pigs,fiction,1030
Patriot Games,fiction,1015
Veronika decide morrer,fiction,1015
"Lean In: Women, Work, and the Will to Lead",fiction,995
Dead as a Doornail ,fiction,990
"Shatter Me (Shatter Me, #1)",fiction,980
Starship Troopers,fiction,975
I've Got Your Number,fiction,970
Sofies Verden,fiction,960
,fiction,960
The Martian Chronicles,fiction,945
A Visit From the Goon Squad,fiction,940
Heidi,fiction,935
Prey,fiction,930
The Last Battle,fiction,920
World Without End,fiction,915
Chosen: A House of Night Novel,fiction,915
Slammed,fiction,910
"Beastly (Beastly, #1, Kendra Chronicles, #1)",fiction,905
Tales of Caunterbury,fiction,900
Baby Proof,nonfiction,900
Inheritance,nonfiction,895
ã„ã¡ãã‚…ã†ã¯ã¡ã‚ˆã‚“ [Ichi-KyÅ«-Hachi-Yon],fiction,890
Uncle Tom's Cabin or Life Among the Lowly,fiction,890
Le FantÃ´me de l'OpÃ©ra,fiction,885
"Definitely Dead (Sookie Stackhouse, #6)",fiction,870
Ensaio Sobre a Cegueira,fiction,865
Freedom,fiction,860
Crossed,fiction,850
"I'd Tell You I Love You, But Then I'd Have to Kill You",fiction,845
The White Tiger,fiction,840
The Corrections,fiction,825
Dreams from My Father,nonfiction,825
Congo,nonfiction,815
"Alexander and the Terrible, Horrible, No Good, Very Bad Day",fiction,810
Interpreter of Maladies,fiction,805
A People's History of the United States: 1492 to Present ,fiction,800
Breakfast at Tiffany's,fiction,800
The Passage,fiction,795
Anansi Boys,nonfiction,790
Along for the Ride,fiction,785
Everything I Never Told You,fiction,780
La casa de los espÃ­ritus,fiction,775
The Dead Zone,fiction,760
The Mysterious Affair at Styles,fiction,755
Murder in the Calais Coach,fiction,750
Americanah,fiction,750
Suzanne's Diary for Nicholas,fiction,745
Firestarter,fiction,740
Entwined with You,fiction,735
"Born to Run: A Hidden Tribe, Superathletes, and the Greatest Race the World Has Never Seen",fiction,730
The Storied Life of A.J. Fikry,fiction,725
Mad About Madeline,fiction,720
Think and Grow Rich,fiction,710
Little House In The Big Woods,fiction,705
Jonathan Strange & Mr Norrell,fiction,700
A Bend in the Road,fiction,680
The House of Hades,nonfiction,675
Gone,fiction,670
The Wedding,fiction,665
1776,fiction,660
Under the Banner of Heaven: A Story of Violent Faith,fiction,655
Beautiful Ruins,fiction,655
The Audacity of Hope: Thoughts on Reclaiming the American Dream,fiction,650
On Writing: A Memoir of the Craft,fiction,650
Firefly Lane,fiction,645
Sphere,fiction,640
Love the One You're With,fiction,630
The Silkworm,fiction,615
The Vampire Lestat,fiction,610
State of Wonder,fiction,605
The Silver Linings Playbook,fiction,600
Vingt Mille Lieues Sous les Mers,fiction,595
The Constant Princess,fiction,595
Mrs Dalloway,fiction,590
HundraÃ¥ringen som klev ut genom fÃ¶nstret och fÃ¶rsvann,fiction,585
Bag of Bones,fiction,575
The Cider House Rules,fiction,570
Thinner,fiction,555
Le tour du monde en quatre-vingts jours,fiction,555
Walk Two Moons,nonfiction,550
Onze minutos,fiction,540
Nine Stories,fiction,540
"Julie & Julia: 365 Days, 524 Recipes, 1 Tiny Apartment Kitchen",nonfiction,535
Unwind,fiction,530
"Drums of Autumn (Outlander, #4)",nonfiction,515
Prodigy,fiction,510
The Tragedie of King Lear,fiction,505
Death of a Salesman,fiction,498
The Choice,fiction,496
,fiction,491
The Sound and the Fury,fiction,490
A New Earth: Awakening to Your Life's Purpose,fiction,488
BLEACHâ€•ãƒ–ãƒªãƒ¼ãƒâ€•ã€€1,fiction,488
,fiction,483
The Shadow Rising ,nonfiction,483
Shantaram,fiction,481
From Dead to Worse,fiction,480
The Waste Lands,fiction,478
The Bone Collector,fiction,478
Der Vorleser,fiction,476
"Brown Bear, Brown Bear, What Do You See?",fiction,476
Hyperion,fiction,475
The Pearl of the World,fiction,475
The Exorcist,fiction,468
The Short Second Life of Bree Tanner,fiction,466
Snow Falling on Cedars,fiction,466
Roots,fiction,465
Batman: The Killing Joke ,fiction,460
Invisible Man,fiction,460
A Long Way Gone. Memoirs of a Boy Soldier,fiction,456
Mrs. Frisby and the Rats of NIMH,fiction,455
Different Seasons,fiction,455
The Little House Collection,fiction,453
The Girls' Guide to Hunting and Fishing,nonfiction,453
Wool Omnibus,fiction,451
"Lamb: The Gospel According to Biff, Christ's Childhood Pal",fiction,450
The Power of Now,fiction,448
Let's Pretend This Never Happened (A Mostly True Memoir),fiction,448
The Lies of Locke Lamora,fiction,443
Sabriel,fiction,441
Dead and Gone,fiction,436
The Storyteller,fiction,435
Obsidian,fiction,433
"Life, the Universe and Everything",fiction,433
Crown of Midnight,fiction,431
"Scott Pilgrim, Volume 1: Scott Pilgrim's Precious Little Life",fiction,430
Half Broke Horses: A True Life Novel,fiction,426
Mort,fiction,426
"The Iron King (The Iron Fey, #1) ",fiction,425
Lonesome Dove,fiction,423
Stiff: The Curious Lives of Human Cadavers,nonfiction,420
Bloodlines,fiction,418
Ender's Shadow,nonfiction,416
Twenties Girl,fiction,415
Schindler's Ark,fiction,410
The Bluest Eye,fiction,408
The White Queen,fiction,408
The Autobiography of Malcolm X,nonfiction,406
Preludes & Nocturnes,nonfiction,405
Seabiscuit,fiction,403
Shutter Island,fiction,401
The Complete Sherlock Holmes,fiction,398
The Tragedy of Julius Caesar,fiction,396
"In the Garden of Beasts: Love, Terror, and an American Family in Hitler's Berlin",fiction,396
Î Î¿Î»Î¹Ï„ÎµÎ¯Î±,fiction,391
The Taming of the Shrew,nonfiction,390
Cress,nonfiction,386
Just Kids,fiction,385
,fiction,383
Jemima J,fiction,381
Notre-Dame de Paris,nonfiction,381
A Fine Balance,fiction,380
Calvin and Hobbes,nonfiction,378
Specials,fiction,376
The Awakening,fiction,375
Hunted,fiction,375
For One More Day,fiction,373
Clear and Present Danger,fiction,373
Falling Up,fiction,370
Sh*t My Dad Says,nonfiction,370
Trainspotting,fiction,368
Foundation and Empire,fiction,366
"The Four Agreements: A Practical Guide to Personal Freedom, A Toltec Wisdom Book",fiction,366
House Rules,nonfiction,365
BrÃ¼der Grimm: Kinder- und HausmÃ¤rchen,fiction,363
From the Mixed-Up Files of Mrs. Basil E. Frankweiler,fiction,363
Doctor Sleep,fiction,361
About a Boy,fiction,361
On Dublin Street,nonfiction,358
Crazy Love: Overwhelmed by a Relentless God,fiction,356
"One Fish, Two Fish, Red Fish, Blue Fish",nonfiction,355
Watchers,fiction,351
The Story of My Life,nonfiction,351
This Is Where I Leave You,fiction,350
Abraham Lincoln: Vampire Hunter,fiction,348
ãƒ•ãƒ«ãƒ¼ãƒ„ãƒã‚¹ã‚±ãƒƒãƒˆ 1,nonfiction,345
The Tempest,fiction,343
Burned: A House of Night Novel,fiction,341
Wizard and Glass,fiction,341
The Circle,fiction,340
The Invention of Hugo Cabret,fiction,338
Brave New World/Brave New World Revisited,fiction,336
æ¡œè˜­é«˜æ ¡ãƒ›ã‚¹ãƒˆéƒ¨ 1,fiction,335
The Good Girl,fiction,328
"Fallen Too Far (Too Far, #1)",fiction,326
Landline,fiction,326
Tempted,fiction,325
No Country for Old Men,fiction,323
Wolf Hall,fiction,321
Howl's Moving Castle,fiction,318
Dreamcatcher,fiction,316
Walden; or Life in the Woods,nonfiction,315
The Remains of the Day,nonfiction,313
The Best of Me,fiction,311
The Sense of an Ending,fiction,310
A is for Alibi,fiction,310
ÎŸá¼°Î´Î¯Ï€Î¿Ï…Ï‚ Î¤ÏÏÎ±Î½Î½Î¿Ï‚,fiction,308
Shanghai Girls,nonfiction,308
The Wind in the Willows,fiction,305
To All the Boys I've Loved Before,nonfiction,301
Persepolis,fiction,298
A Room with a View,fiction,298
The DUFF: Designated Ugly Fat Friend,fiction,296
Lock and Key,nonfiction,296
Naked in Death,fiction,295
The Chamber,fiction,295
Midnight Sun (Partial Draft),fiction,293
NARUTO -ãƒŠãƒ«ãƒˆ- å·»ãƒŽä¸€ ,nonfiction,291
The Unlikely Pilgrimage of Harold Fry,fiction,290
Every Day,fiction,288
Xenocide,fiction,285
The Merchant of Venice,fiction,285
ShÅgun,fiction,283
"Lover Awakened (Black Dagger Brotherhood, #3)",fiction,283
A Court of Thorns and Roses,nonfiction,281
,fiction,278
Chicka Chicka Boom Boom,fiction,275
Smile,fiction,273
 Animal Farm & 1984,fiction,270
The Deep End of the Ocean,fiction,270
The Bonesetter's Daughter,nonfiction,266
"Angus, Thongs and Full-Frontal Snogging",fiction,266
Mr. Penumbra's 24-Hour Bookstore,fiction,265
Flowers in the Attic,children,263
When Breath Becomes Air,fiction,261
Maniac Magee,fiction,260
Invisible Monsters,fiction,258
"Twelfth Night; or, What You Will",fiction,255
Gathering Blue,fiction,250
The Westing Game,fiction,250
Red Rising,fiction,249
The Way of Shadows,fiction,249
The Bean Trees,children,249
Walking Disaster,fiction,248
Words of Radiance,fiction,248
Guess How Much I Love You,fiction,247
The Fiery Cross,fiction,247
Night Shift,fiction,247
Jaws,fiction,246
The History of Love,fiction,245
Pippi LÃ¥ngstrump,fiction,245
L'Ã©lÃ©gance du hÃ©risson,fiction,243
Team of Rivals: The Political Genius of Abraham Lincoln,fiction,243
Dead in the Family,fiction,243
La peste,fiction,242
The Reptile Room,fiction,241
Brain on Fire,fiction,241
Wicked Lovely ,fiction,240
Curious George,fiction,239
Die unendliche Geschichte,fiction,239
A Beautiful Mind,fiction,238
The Jungle,fiction,237
The Summoning,fiction,237
The Man Who Mistook His Wife for a Hat and Other Clinical Tales,nonfiction,237
Storm Island,fiction,237
The Blind Assassin,nonfiction,236
Hollow City,fiction,235
House of Sand and Fog,fiction,234
The Girl with All the Gifts,fiction,233
As I Lay Dying,nonfiction,6264
Harold and the Purple Crayon,fiction,6264
"Lover Eternal (Black Dagger Brotherhood, #2)",nonfiction,6237
,nonfiction,6237
Fool Moon ,fiction,6210
David and Goliath,nonfiction,6210
é‹¼ã®éŒ¬é‡‘è¡“å¸« 1,fiction,6183
Guards! Guards!,fiction,6183
The Year of Magical Thinking,fiction,6156
We Need to Talk About Kevin,fiction,6156
Rendezvous with Rama,fiction,6129
The Queen of the Damned,fiction,6102
The Age of Innocence,fiction,6102
The Selfish Gene,fiction,6075
Year of Wonders: A Novel of the Plague,fiction,6048
The Black Echo,nonfiction,6048
Anthem,fiction,6021
Gabriel's Inferno,fiction,6021
Cloudy with a Chance of Meatballs,fiction,5994
Major Pettigrew's Last Stand,fiction,5967
Vision in White,fiction,5940
The Tenth Circle,fiction,5940
The Throne of Fire,nonfiction,5913
Old Man's War,fiction,5913
Gerald's Game,fiction,5886
Two for the Dough,nonfiction,5886
The Joy of Cooking,fiction,5859
The Forever War,fiction,5859
Insomnia,fiction,5859
Reading Lolita in Tehran: A Memoir in Books,fiction,5805
The Blade Itself,fiction,5805
The Arctic Incident,nonfiction,5805
The Shipping News,fiction,5778
äººç”ŸãŒã¨ãã‚ãç‰‡ã¥ã‘ã®é­”æ³•,fiction,5751
All the Bright Places,fiction,5751
DÃ©jÃ  Dead,fiction,5751
The Alchemyst: The Secrets of The Immortal Nicholas Flamel,fiction,5724
The Marriage Plot,fiction,5697
Hija de la fortuna,fiction,5697
Luckiest Girl Alive,fiction,5670
"Crank (Crank, #1)",fiction,5643
The Raven Boys,nonfiction,5643
I Am Legend and Other Stories,fiction,5616
Olive Kitteridge,fiction,5616
Not that Kind of Girl,nonfiction,5616
Good to Great: Why Some Companies Make the Leap... and Others Don't,fiction,5589
Fire,fiction,5535
En attendant Godot,fiction,5481
White Fang,fiction,5481
Wolves of the Calla,fiction,5454
His Dark Materials,fiction,5454
The Edge of Never,fiction,5427
Reconstructing Amelia,nonfiction,5427
The One Plus One,fiction,5427
The Hours,fiction,5400
Wallbanger,nonfiction,5400
Holidays on Ice,fiction,5373
Desperation,fiction,5346
Passion,fiction,5346
The Kill Order,fiction,5319
Angelfall,fiction,5292
Empire Falls,fiction,5292
The Fires of Heaven,children,5265
I'll Give You the Sun,fiction,5265
Survivor,fiction,5238
Shopaholic and Baby,fiction,5211
The Dark Tower,fiction,5211
Twilight Director's Notebook,fiction,5184
Shopaholic Abroad,fiction,5157
"Surely You're Joking, Mr. Feynman! Adventures of a Curious Character",fiction,5130
Linger,fiction,5103
The Complete Anne of Green Gables Boxed Set,fiction,5103
A Portrait of the Artist as a Young Man,fiction,5103
The Gathering Storm,fiction,5076
Middlemarch,nonfiction,5076
Point of Retreat,fiction,5049
The Partner,fiction,5049
The Hobbit and The Lord of the Rings,fiction,5022
Thoughtless,fiction,5022
Presumed Innocent,fiction,4995
The Dark Half,fiction,4968
Cleopatra: A Life,fiction,4941
The World Is Flat: A Brief History of the Twenty-first Century,fiction,4914
Steelheart,fiction,4914
,fiction,4887
Voyage au centre de la Terre,nonfiction,4860
The Happiness Project,fiction,4833
The Man in the High Castle,fiction,4833
Helter Skelter: The True Story of The Manson Murders,fiction,4806
,nonfiction,4806
Inferno,fiction,4806
Shadow of Night,fiction,4806
Leaving Time,fiction,4779
Moon Called,fiction,4752
Blue Bloods,fiction,4752
The Alienist,fiction,4752
Between the World and Me,fiction,4725
Paradise Lost,fiction,4698
The Big Short: Inside the Doomsday Machine,fiction,4698
The Girl Who Loved Tom Gordon,nonfiction,4698
 A Monster Calls ,fiction,4671
Towers of Midnight,fiction,4671
The Day of the Jackal,fiction,4671
Rework,fiction,4671
Attachments,fiction,4644
The Twilight Saga,fiction,4644
Tell the Wolves I'm Home,fiction,4617
All Creatures Great And Small,fiction,4617
The Unbecoming of Mara Dyer,fiction,4617
Three to Get Deadly,fiction,4617
The Scarlet Pimpernel,fiction,4617
The Monster at the End of This Book,fiction,4617
Tales of a Fourth Grade Nothing,fiction,4590
Shadow and Bone,fiction,4590
Het diner,fiction,4590
Champion,nonfiction,4563
Contact,fiction,4563
Lola and the Boy Next Door,fiction,4563
White Teeth,fiction,4563
American Sniper: The Autobiography of the Most Lethal Sniper in U.S. Military History,fiction,4563
My Horizontal Life: A Collection of One-Night Stands,nonfiction,4563
The Power of Six,fiction,4563
The Interestings,fiction,4536
The Essential Calvin and Hobbes: A Calvin and Hobbes Treasury,fiction,4536
People of the Book,fiction,4536
The Secret Keeper,fiction,4509
Better Homes & Gardens New Cook Book,nonfiction,4509
"So Long, and Thanks for All the Fish",fiction,4509
Der Steppenwolf: ErzÃ¤hlung,fiction,4509
The Surgeon,nonfiction,4509
The Girl You Left Behind,fiction,4482
Royal Assassin,fiction,4482
Childhood's End,fiction,4482
 The Tale of Despereaux,fiction,4455
"Animal, Vegetable, Miracle: A Year of Food Life",fiction,4455
Heir of Fire,fiction,4455
,fiction,4455
The Sweetness at the Bottom of the Pie,fiction,4455
Blue Like Jazz: Nonreligious Thoughts on Christian Spirituality,fiction,4428
A Breath of Snow and Ashes,nonfiction,4428
The Blood of Olympus,fiction,4428
Truly Madly Guilty,fiction,4428
"Saga, Volume One",fiction,4428
The Art of Fielding,fiction,4401
A Moveable Feast,fiction,4401
Fablehaven,fiction,4401
The Wide Window,fiction,4401
Grave Peril,nonfiction,4374
Einstein. His Life and Universe,nonfiction,4374
Effortless,fiction,4374
The Street Lawyer,fiction,4347
"Roll of Thunder, Hear My Cry",nonfiction,4347
Pride and Prejudice and Zombies,fiction,4347
Lets Explore Diabetes with Owls,fiction,4320
Ð˜Ð´Ð¸Ð¾Ñ‚,fiction,4320
Dirk Gently's Holistic Detective Agency,nonfiction,4320
Rodrick Rules,fiction,4320
Why Not Me?,fiction,4320
Four: A Divergent Collection,fiction,4293
Modern Romance,fiction,4293
The One and Only Ivan,fiction,4293
The Perfect Storm: A True Story of Men Against the Sea,fiction,4293
Elantris,fiction,4266
The Knife of Never Letting Go,fiction,4266
One Thousand White Women: The Journals of May Dodd,fiction,4266
Handle with Care,fiction,4266
Song of Susannah,fiction,4239
Reached,fiction,4239
Midnight's Children,nonfiction,4239
The Zombie Survival Guide: Complete Protection from the Living Dead,fiction,4212
The Testament,nonfiction,4212
Murder at the Vicarage,nonfiction,4212
Among the Hidden ,fiction,4185
In Defense of Food: An Eater's Manifesto,fiction,4185
The Witch of Blackbird Pond,nonfiction,4158
The Heir,fiction,4158
Shopaholic Ties the Knot,fiction,4158
The Woman in White,fiction,4158
Career of Evil,fiction,4158
The Summer I Turned Pretty,fiction,4131
Four to Score ,fiction,4131
The Color of Water: A Black Man's Tribute to His White Mother,fiction,4131
"SuperFreakonomics: Global Cooling, Patriotic Prostitutes, and Why Suicide Bombers Should Buy Life Insurance",fiction,4131
Darkfever,fiction,4104
Stone of Tears,fiction,4104
Heart of the Matter,fiction,4104
Vanity Fair: A Novel Without a Hero,fiction,4077
The Sirens of Titan,fiction,4077
Dolores Claiborne,fiction,4077
The Nest,nonfiction,4077
"Fables, Volume 1: Legends in Exile",fiction,4050
Getting Things Done: How To Achieve Stress-free Productivity,fiction,4050
The Celestine Prophecy,fiction,4023
My Life Next Door ,fiction,4023
Winter of the World,nonfiction,4023
"è‰²å½©ã‚’æŒãŸãªã„å¤šå´Žã¤ãã‚‹ã¨ã€å½¼ã®å·¡ç¤¼ã®å¹´ [Shikisai o motanai Tazaki Tsukuru to, kare no junrei no toshi]",fiction,4023
Lucky,children,4023
To The Lighthouse ,fiction,3996
Five Point Someone: What Not to Do at IIT,fiction,3996
Guilty Pleasures,fiction,3996
The Messenger,fiction,3969
Far from the Madding Crowd,fiction,3969
Equal Rites,fiction,3969
House of Leaves,fiction,3969
Cruel & Unusual,fiction,3969
Sycamore Row,fiction,3969
Awakened,fiction,3942
My Ãntonia,fiction,3942
Life As We Knew It,nonfiction,3942
America (The Book): A Citizen's Guide to Democracy Inaction,nonfiction,3942
90 Minutes in Heaven,fiction,3942
The Longest Ride,fiction,3942
é“å¾·ç¶“ [dÃ o dÃ© jÄ«ng],fiction,3915
Kane and Abel,fiction,3915
Change of Heart,fiction,3915
Dry: A Memoir,children,3915
Sam's Letters To Jennifer,fiction,3915
Grey,fiction,3888
Dune Messiah ,fiction,3861
The Great Divorce,fiction,3861
Little Earthquakes,nonfiction,3861
Eventyr og historier,fiction,3834
New Moon: The Complete Illustrated Movie Companion,fiction,61560
Maybe Someday,fiction,61128
Mr Maybe,fiction,61128
Anne of the Island,fiction,60696
Also sprach Zarathustra,fiction,59400
North and South,fiction,58968
A Stolen Life,fiction,57240
The Immortals of Meluha,fiction,56808
The Lost World,fiction,55728
Requiem,fiction,55080
A Crown of Swords,nonfiction,54000
Aesopica,fiction,53784
Blood Meridian: Or the Evening Redness in the West,fiction,53784
Finale,fiction,53784
Skeleton Crew,fiction,53568
Lullaby,fiction,53352
Two States,fiction,53352
ãƒ´ã‚¡ãƒ³ãƒ‘ã‚¤ã‚¢é¨Žå£« 1,nonfiction,53136
Summer Knight,fiction,52920
Dragonflight,fiction,52488
"The History of the Hobbit, Part One: Mr. Baggins",fiction,52488
Ugly Love,fiction,52488
Chocolat,nonfiction,52056
The Amityville Horror,fiction,52056
The English Patient,fiction,51840
Gabriel's Rapture,fiction,51624
Dubliners,fiction,51408
Let the Great World Spin,fiction,51192
The Eternity Code,fiction,51192
Tell No One,fiction,50976
The Tommyknockers,fiction,50760
Hex Hall,fiction,50544
Steal Like an Artist,fiction,50328
Cryptonomicon,children,50112
Beautiful Bastard,fiction,49896
Prodigal Summer,fiction,49896
We Were the Mulvaneys,fiction,49680
Understanding Comics: The Invisible Art,nonfiction,49680
Beautiful Darkness,nonfiction,49248
The Psychopath Test,fiction,49032
Vanishing Acts,fiction,48816
Absolute Power,fiction,48816
Hot Six,fiction,48600
The Time Keeper,fiction,48384
A Dirty Job,nonfiction,48168
Moneyball: The Art of Winning an Unfair Game,fiction,47952
The Amulet of Samarkand,fiction,47736
I Am America (And So Can You!),fiction,47520
The One Minute Manager,children,47520
Exodus,fiction,47304
Stones from the River,fiction,47304
The Big Sleep,fiction,47088
Cannery Row ,fiction,47088
Seriously...I'm Kidding,fiction,46872
The Miserable Mill,fiction,46872
The Snow Child,fiction,46872
Wait for You,fiction,46440
The Last Straw,fiction,46440
La Divina Commedia,fiction,46008
The Tao of Pooh,fiction,46008
Onyx,fiction,46008
"Unravel Me (Shatter Me, #2)",fiction,45792
The Birth of Venus,fiction,45576
The Opal Deception,fiction,45360
Det som inte dÃ¶dar oss,fiction,45144
The Girls,fiction,44928
The Goose Girl,fiction,44280
Mystic River,fiction,43848
Warm Bodies,fiction,43848
The Prince and the Pauper,fiction,43416
The Moon is a Harsh Mistress,fiction,43416
The Forty Rules of Love,fiction,43416
High Five,children,43200
Joyland,fiction,42768
é€²æ’ƒã®å·¨äºº 1,fiction,42552
Tender Is the Night,fiction,42120
Cold Sassy Tree,fiction,42120
The Glass Menagerie,nonfiction,41904
L'amica geniale,nonfiction,41472
"The 4-Hour Workweek: Escape 9-5, Live Anywhere, and Join the New Rich",fiction,41256
The Monk Who Sold His Ferrari: A Fable About Fulfilling Your Dreams & Reaching Your Destiny,fiction,40824
Rules of Civility,fiction,40824
Ringworld,fiction,40176
Between Shades of Gray,fiction,40176
Frindle,fiction,39960
Dog Days,fiction,39744
The Round House,fiction,39312
A Wind in the Door,fiction,39312
Free Four: Tobias Tells the Divergent Story,nonfiction,38880
A Little Life,fiction,38664
"Y: The Last Man, Vol. 1: Unmanned",fiction,38664
The Alloy of Law,fiction,38448
Dead Reckoning,nonfiction,38448
The Accidental Tourist,fiction,38448
Aristotle and Dante Discover the Secrets of the Universe,fiction,38232
The Invisible Man,fiction,38016
ä¸–ç•Œã®çµ‚ã‚Šã¨ãƒãƒ¼ãƒ‰ãƒœã‚¤ãƒ«ãƒ‰ãƒ»ãƒ¯ãƒ³ãƒ€ãƒ¼ãƒ©ãƒ³ãƒ‰ [Sekai no owari to hÄdoboirudo wandÄrando],fiction,38016
Na margem do rio Piedra eu sentei e chorei,fiction,37584
Der Schweizerische Robinson,fiction,37584
Four Past Midnight,nonfiction,37368
The Marriage Bargain,fiction,37368
Anne of Avonlea,fiction,37368
The Little Engine That Could,fiction,37152
We Are All Completely Beside Ourselves,fiction,37152
Children of the Mind,fiction,36936
Ulysses,fiction,36936
Someone Like You,nonfiction,36936
Moloka'i,nonfiction,36720
The Witching Hour,nonfiction,36504
This Present Darkness,fiction,36504
The Coincidence of Callie & Kayden,fiction,36504
Fates and Furies,fiction,36504
Summer Sisters,fiction,36504
Stuart Little,fiction,36504
The Foundation Trilogy,fiction,36504
"The Elegant Universe: Superstrings, Hidden Dimensions, and the Quest for the Ultimate Theory",fiction,36288
The Austere Academy,fiction,36288
Seven Up,fiction,36072
The Awakening,fiction,36072
Death Masks,children,36072
Stellaluna,fiction,36072
Before They Are Hanged,fiction,35856
Loving Frank,fiction,35640
Hard Eight,nonfiction,35640
The Vile Village,fiction,35640
Sybil,nonfiction,35640
Cosmos,nonfiction,35640
Haunted: A Novel of Stories,fiction,35424
The Shell Seekers,fiction,35424
What Is the What: The Autobiography of Valentino Achak Deng,fiction,35424
CrÃ³nica de una muerte anunciada,fiction,35208
A Scandal in Bohemia,nonfiction,35208
Killing Lincoln: The Shocking Assassination that Changed America Forever,children,35208
The Lowland,fiction,35208
The Ruins of Gorlan,nonfiction,34992
Wintergirls,fiction,34992
The Brethren,fiction,34992
Assassin's Quest,fiction,34776
Rosemary's Baby,fiction,34776
The Talisman,nonfiction,34776
The Path of Daggers,fiction,34560
The Dharma Bums,children,34560
The Reckoning,fiction,34560
"Behind the Beautiful Forevers: Life, Death, and Hope in a Mumbai Undercity",fiction,34344
Mary Poppins,fiction,34128
Red Seas Under Red Skies,fiction,34128
The House on Mango Street,fiction,34128
City of Thieves,fiction,34128
Halfway to the Grave,fiction,33912
The Twits,fiction,33696
Abhorsen,nonfiction,33696
The Beach House,fiction,33480
Eyes of the Dragon,nonfiction,33264
Children of Dune,fiction,33264
Leviathan Wakes,nonfiction,33048
Queen of Shadows,fiction,33048
Maus II : And Here My Troubles Began ,nonfiction,32832
The Snowy Day,fiction,32832
To the Nines,fiction,32832
Where We Belong,nonfiction,32616
The Hot Zone: The Terrifying True Story of the Origins of the Ebola Virus,fiction,32616
ã‚¹ãƒ—ãƒ¼ãƒˆãƒ‹ã‚¯ã®æ‹äºº [SupÅ«toniku no Koibito],fiction,32616
The Signature of All Things,nonfiction,32400
"Eats, Shoots and Leaves",fiction,32184
Dead Witch Walking,nonfiction,32184
,fiction,32184
An Echo in the Bone,fiction,32184
Unearthly,fiction,31968
The Case for Christ,fiction,31752
Knife of Dreams,fiction,31752
Hoot,fiction,31752
Ã†neis,fiction,31752
This is How You Lose Her,nonfiction,31536
ã‚¢ãƒ•ã‚¿ãƒ¼ãƒ€ãƒ¼ã‚¯ [AfutÄ dÄku],fiction,31536
Ishmael: An Adventure of the Mind and Spirit,fiction,31536
It's Not Summer Without You,fiction,31536
Pushing the Limits,fiction,31320
Quidditch Through the Ages,fiction,31320
Miss Nelson Is Missing!,fiction,31320
The Long Walk,nonfiction,31320
The Ersatz Elevator,nonfiction,31104
Messenger ,fiction,30888
Lover Revealed,fiction,30888
'Salem's Lot The Illustrated Edition,fiction,30672
The Mysterious Benedict Society,fiction,30672
God is Not Great: How Religion Poisons Everything,children,30456
"Never Too Far (Too Far, #2)",fiction,30456
State of Fear,fiction,30240
The Statistical Probability of Love at First Sight,fiction,30240
The Golem's Eye,nonfiction,29808
Still Life with Woodpecker,fiction,29808
Those Who Save Us,fiction,29808
The Broker,fiction,29592
Across the Universe,fiction,29376
"The Road Less Traveled:  A New Psychology of Love, Traditional Values, and Spiritual Growth",nonfiction,29160
Blood Rites,nonfiction,28944
The Boxcar Children,fiction,28944
The Silent Wife,nonfiction,28728
How to Be a Woman,fiction,28512
A Court of Mist and Fury,fiction,28512
Life,fiction,28512
Unaccustomed Earth,fiction,28296
The Pilot's Wife,fiction,28296
White Noise,fiction,28296
"Band of Brothers: E Company, 506th Regiment, 101st Airborne from Normandy to Hitler's Eagle's Nest",fiction,2943
On the Origin of Species by Means of Natural Selection or the Preservation of Favoured Races in the Struggle for Life,fiction,2943
Blankets,fiction,2943
The Story of Edgar Sawtelle,nonfiction,2943
Drowning Ruth,fiction,2916
Post Office,nonfiction,2916
All the Pretty Horses,fiction,2916
"Sherlock Holmes: The Complete Novels and Stories, Vol 2",nonfiction,2916
"One Piece, Volume 01",fiction,2916
The Last Unicorn,fiction,2916
Magyk,fiction,2916
Fever 1793,fiction,2916
The Likeness,fiction,2916
Dead Wake: The Last Crossing of the Lusitania,fiction,2916
The Jungle Book,fiction,2916
I Am Pilgrim,fiction,2916
Howl and Other Poems ,nonfiction,2916
Don't Sweat the Small Stuff,fiction,2916
Go the Fuck to Sleep,fiction,2916
Mostly Harmless,nonfiction,2916
Benjamin Franklin: An American Life,fiction,2916
The Tiger's Wife,fiction,2916
Poison Study,fiction,2916
Lover Unbound,fiction,2916
Going Postal,fiction,2916
The Book of Mormon,fiction,2916
The Mist,nonfiction,2916
Dead Beat,fiction,2916
Golden Son,fiction,2916
Night Watch,nonfiction,2916
The Light Fantastic,nonfiction,2916
What the Dog Saw and Other Adventures,fiction,2916
Pretty Girls,fiction,2916
Last Argument of Kings,fiction,2916
Revival,fiction,2916
Horton Hears a Who!,fiction,2916
The Blind Side: Evolution of a Game,children,2889
Lirael,fiction,2889
School's Out Forever,fiction,2889
é»’åŸ·äº‹ I [Kuroshitsuji I],nonfiction,2889
Winter,nonfiction,2889
The Strange Case of Dr. Jekyll and Mr. Hyde and Other Tales of Terror ,fiction,2889
,fiction,2889
The Painted Man,fiction,2889
,fiction,2889
One Shot,fiction,2889
The Serpent's Shadow,fiction,2889
Duma Key,fiction,2889
The Shifting Fog,fiction,2889
,fiction,2889
Proven Guilty,fiction,2889
Ð—Ð°Ð¿Ð¸ÑÐºÐ¸ Ð¸Ð· Ð¿Ð¾Ð´Ð¿Ð¾Ð»ÑŒÑ,fiction,2889
The Heart is a Lonely Hunter,fiction,2889
The Infinite Sea,fiction,2889
The Once and Future King,nonfiction,2889
Small Gods,fiction,2889
"Bud, Not Buddy",fiction,2889
,fiction,2889
Predictably Irrational: The Hidden Forces that Shape Our Decisions,fiction,2889
Ø§Ù„ÙÙŠÙ„ Ø§Ù„Ø£Ø²Ø±Ù‚,nonfiction,2889
The Indian in the Cupboard,fiction,2889
A Memory of Light,fiction,2889
Me and Earl and the Dying Girl,nonfiction,2889
The Ugly Truth,nonfiction,2889
"Janet Evanovich Three and Four Two-Book Set (Stephanie Plum, #3-4)",fiction,2889
"The Surgeon of Crowthorne: a tale of murder, madness & the love of words",fiction,2862
2nd Chance,fiction,2862
The Complete Maus,nonfiction,2862
The Eyre Affair,nonfiction,2862
Anne Rice's The Vampire Lestat: The Graphic Novel,fiction,2862
,fiction,2862
The Art of Happiness: A Handbook for Living,nonfiction,2862
The Bone Clocks,fiction,2862
Black and Blue,fiction,2862
,fiction,2862
The Last Juror,nonfiction,2862
Diary,fiction,2862
Eleven on Top,fiction,2862
Tintenblut,fiction,2862
"Sex, Drugs, and Cocoa Puffs: A Low Culture Manifesto",fiction,2862
Brideshead Revisited: The Sacred and Profane Memories of Captain Charles Ryder,nonfiction,2862
White Night,fiction,2862
The Miniaturist,fiction,2862
Dragons of Autumn Twilight,nonfiction,2862
The Lost Colony,nonfiction,2862
Extras,fiction,2862
The Burning Bridge,nonfiction,2862
The Book of Life,fiction,2862
The Artist's Way: A Spiritual Path to Higher Creativity,fiction,4480
The Stinky Cheese Man and Other Fairly Stupid Tales,nonfiction,4480
Horns,nonfiction,4480
Catherine the Great: Portrait of a Woman,fiction,4480
The Year of the Flood,fiction,4480
Winter Garden,fiction,4480
The King of Torts,nonfiction,4480
Lone Survivor: The Eyewitness Account of Operation Redwing and the Lost Heroes of SEAL Team 10,fiction,4440
The 3 Mistakes of My Life,fiction,4440
The Murder of Roger Ackroyd,nonfiction,4440
Native Son ,fiction,4440
Shadow's Edge,fiction,4440
Under the Never Sky,fiction,4440
True Believer,fiction,4440
The Lean Startupâ€Ž,fiction,4440
The Golden Lily,fiction,4440
Chasing Harry Winston,fiction,4440
Magician's Gambit,fiction,4440
,fiction,4440
The Rise and Fall of the Third Reich: A History of Nazi Germany,fiction,4440
A Long Way Down,nonfiction,4440
Out from Boneville,fiction,4400
Rose Madder,fiction,4400
"Die Trying (Jack Reacher, #2)",fiction,4400
Beautiful Chaos,fiction,4400
Keeping Faith,fiction,4400
Heart-Shaped Box,fiction,4400
Cabin Fever,nonfiction,4400
,fiction,4400
Everyone Worth Knowing,fiction,4400
Redwall,fiction,4400
Manifest der Kommunistischen Partei,fiction,4400
The Woman in Cabin 10,nonfiction,4400
The Last of the Mohicans: A Narrative of 1757,fiction,4400
Sophie's Choice,nonfiction,4400
Shopaholic and Sister,fiction,4400
The Iron Daughter,fiction,4400
The Prayer of Jabez:  Breaking Through to the Blessed Life,nonfiction,4400
The Age of Miracles,fiction,4400
Have a Little Faith: A True Story,nonfiction,4400
My Life in France,fiction,4400
The Rosie Effect,fiction,4360
The Secret of the Nagas.,fiction,4360
Ham on Rye,fiction,4360
Flipped,nonfiction,4360
Emotional Intelligence 2.0,fiction,4360
Make Way for Ducklings,nonfiction,4360
Relic,fiction,4360
Notes from a Small Island,fiction,4360
Small Favor,nonfiction,4360
The Walking Dead Compendium Volume 1,fiction,4360
Princess Academy,fiction,4360
"Everything, Everything",fiction,4360
Pygmalion,fiction,4360
Flight Behavior,fiction,4360
Grip of the Shadow Plague,fiction,4360
Bridget Jones: The Edge of Reason,nonfiction,4360
Captain Corelli's Mandolin,fiction,4360
At First Sight,fiction,4320
Down Under,fiction,4320
The Memoirs of Sherlock Holmes,nonfiction,4320
The Orphan Master's Son,fiction,4320
Enchanters' End Game,fiction,4320
Persepolis,nonfiction,4320
The Chosen,fiction,4320
The Agony and the Ecstasy: A Biographical Novel of Michelangelo,fiction,4320
El juego del Ã¡ngel,fiction,4320
Where Rainbows End,nonfiction,4320
Amelia Bedelia,fiction,4320
This Man,fiction,4320
A Dog's Purpose ,fiction,4320
An Ember in the Ashes,fiction,4320
"Lover Enshrined, part one",fiction,4320
The Golem and the Jinni,fiction,4320
Ø§Ù„Ø£Ø³ÙˆØ¯ ÙŠÙ„ÙŠÙ‚ Ø¨Ùƒ,nonfiction,4320
The Slippery Slope,fiction,4320
Bleak House,fiction,4320
"Caps for sale: a tale of a peddler, some monkeys and their monkey business",fiction,4280
Furies of Calderon ,fiction,4280
Alanna: The First Adventure,fiction,4280
Her Fearful Symmetry,nonfiction,4280
The Boston Girl,fiction,4280
"Lover Enshrined, part two",children,4280
The Fall of Hyperion,nonfiction,4280
The Black Dahlia,fiction,4280
"Through the Looking-Glass, and What Alice Found There",fiction,4280
Wild Swans: Three Daughters of China,nonfiction,4280
"Go, Dog. Go!",fiction,4280
,fiction,4280
Finders Keepers,fiction,4280
The Strain,fiction,4280
The Complete Poems of Emily Dickinson,fiction,4280
Old Yeller,fiction,4280
Born Standing Up: A Comic's Life,nonfiction,4280
PostSecret: Extraordinary Confessions from Ordinary Lives,nonfiction,4280
A Storm of Swords: Part 2 Blood and Gold,fiction,4280
The Borrowers Afield,fiction,4240
Hearts in Atlantis,fiction,4240
,fiction,4240
ç¾Šã‚’ã‚ãã‚‹å†’é™º [HitsujiwomegurubÅken],nonfiction,4240
The Queen's Fool,fiction,4240
Days of Blood & Starlight,fiction,4240
Jitterbug Perfume,fiction,4240
"The Battle for Skandia (Ranger's Apprentice, #4)",fiction,4240
The Darkest Minds,fiction,4240
O Zahir,fiction,4240
The Power of Positive Thinking,fiction,4240
"In a Dark, Dark Wood ",fiction,4240
The House of Mirth,fiction,4240
Fairy Tail 1,fiction,4240
The Slow Regard of Silent Things,fiction,4240
Twelve Years a Slave,fiction,4240
"Lover Avenged, part one",fiction,109
In the Heart of the Sea: The Tragedy of the Whaleship Essex,fiction,109
Infidel,fiction,109
The Black Swan: The Impact of the Highly Improbable,fiction,109
The Twelve,fiction,108
ÐžÐ´Ð¸Ð½ Ð´ÐµÐ½ÑŒ Ð˜Ð²Ð°Ð½Ð° Ð”ÐµÐ½Ð¸ÑÐ¾Ð²Ð¸Ñ‡Ð°,fiction,108
The Diamond Age,fiction,108
A Canticle for Leibowitz,fiction,108
á¼ˆÎ½Ï„Î¹Î³ÏŒÎ½Î·,fiction,108
Brooklyn,fiction,108
Wither,fiction,108
Hillbilly Elegy. A Memoir of a Family and Culture in Crisis,fiction,108
Crossroads of Twilight,fiction,108
The Red Badge of Courage,fiction,108
What If?: Serious Scientific Answers to Absurd Hypothetical Questions,fiction,108
Gardens of the Moon,fiction,108
A Bruxa de Portobello,fiction,108
A Swiftly Tilting Planet,fiction,108
Gregor the Overlander,fiction,108
Sing You Home,fiction,108
The Tale of the Body Thief,fiction,108
The Camel Club,nonfiction,108
Saving The World and Other Extreme Sports,fiction,108
Blood of the Fold,fiction,108
The Boleyn Inheritance,fiction,108
A Spool of Blue Thread,fiction,108
The Underground Railroad,fiction,108
Masquerade,fiction,108
The Iron Queen,nonfiction,108
Losing It,fiction,108
The Racketeer,fiction,108
Disgrace,fiction,108
The House at Pooh Corner,fiction,108
The Black Prism,fiction,108
The Mermaid Chair,fiction,108
Frog and Toad Are Friends,nonfiction,108
The Carnivorous Carnival,fiction,107
Heist Society,fiction,107
Behind Closed Doors,fiction,107
The Killer Angels,nonfiction,107
"Circus of the Damned (Anita Blake, Vampire Hunter, #3)",fiction,107
Ptolemy's Gate,fiction,107
The Island of Dr. Moreau,fiction,107
Opal,fiction,107
Zeitoun,fiction,107
Out of My Mind,nonfiction,107
Rapture,nonfiction,107
Switched,fiction,107
Ð”Ð¾ÐºÑ‚Ð¾Ñ€ Ð–Ð¸Ð²Ð°Ð³Ð¾,fiction,107
,nonfiction,107
Pines,fiction,107
Disclosure,fiction,107
Death Comes to Pemberley,fiction,107
Ethan Frome,nonfiction,107
A Map of the World,fiction,107
It Ends with Us,fiction,107
The Gift of the Magi,nonfiction,107
The Electric Kool-Aid Acid Test,fiction,107
The Naked Lunch,fiction,107
The Sandman: Dream Country,fiction,107
A Painted House,nonfiction,107
The Left Hand of Darkness,fiction,107
Let It Snow: Three Holiday Romances,fiction,107
"Full Dark, No Stars",fiction,107
Being Mortal: Medicine and What Matters in the End,fiction,107
Intensity,fiction,106
Chelsea Chelsea Bang Bang,children,106
Et dukkehjem,fiction,106
Hawaii,fiction,106
Revolutionary Road,fiction,106
Nick & Norah's Infinite Playlist,fiction,106
Rosencrantz and Guildenstern are Dead,nonfiction,106
Forever,fiction,106
The Beach,fiction,106
Saving CeeCee Honeycutt,fiction,106
Deadlocked,nonfiction,106
Everything's Eventual: 14 Dark Tales,fiction,106
Beezus and Ramona,fiction,106
The Farthest Shore,nonfiction,106
Airframe,fiction,106
Magician,fiction,106
Bet Me,fiction,106
Long Walk to Freedom: The Autobiography of Nelson Mandela,fiction,106
Gray Mountain,nonfiction,106
The Power of One,fiction,106
The Maltese Falcon,fiction,106
Night Road,fiction,106
Tripwire,fiction,106